Timestamp	Min	Average	Max
1293868800	770	1696	450
1293872400	698	1639	430
1293876000	654	1523	411
1293879600	645	1503	404
1293883200	662	1630	395
1293886800	754	1760	444
1293890400	860	2114	509
1293894000	938	2522	507
1293897600	1038	2413	590
1293901200	1020	2167	613
1293904800	970	1907	605
1293908400	911	1694	562
1293912000	924	1727	568
1293915600	883	1606	458
1293919200	825	1427	442
1293922800	829	1411	532
1293926400	929	1823	600
1293930000	1176	2175	729
1293933600	1223	2317	788
1293937200	1167	2339	797
1293940800	1106	2202	687
1293944400	1000	2011	533
1293948000	838	1660	451
1293951600	708	1454	403
1293955200	656	1264	346
1293958800	632	1241	316
1293962400	603	1187	316
1293966000	602	1235	343
1293969600	618	1287	381
1293973200	673	1311	421
1293976800	785	1566	483
1293980400	900	1649	544
1293984000	953	1772	603
1293987600	963	1610	596
1293991200	965	1486	476
1293994800	871	1428	472
1293998400	851	1364	455
1294002000	813	1299	361
1294005600	818	1266	328
1294009200	846	1345	428
1294012800	922	1468	519
1294016400	1158	2066	641
1294020000	1244	2196	620
1294023600	1177	2003	577
1294027200	1152	2009	593
1294030800	1056	1836	516
1294034400	920	1705	456
1294038000	785	1531	359
1294041600	724	1596	412
1294045200	677	1585	370
1294048800	654	1581	352
1294052400	656	1560	340
1294056000	683	1661	354
1294059600	759	1782	443
1294063200	918	2075	547
1294066800	978	2235	626
1294070400	988	1943	634
1294074000	956	1653	483
1294077600	926	1577	480
1294081200	879	1523	469
1294084800	877	1566	466
1294088400	877	1599	489
1294092000	867	1463	535
1294095600	877	1618	597
1294099200	947	1828	615
1294102800	1197	2311	676
1294106400	1257	2390	621
1294110000	1216	2268	595
1294113600	1137	1939	510
1294117200	1020	1770	465
1294120800	854	1549	361
1294124400	725	1380	356
1294128000	644	1323	322
1294131600	623	1349	292
1294135200	608	1382	279
1294138800	608	1364	346
1294142400	644	1502	346
1294146000	766	1760	466
1294149600	947	1919	582
1294153200	990	2073	598
1294156800	922	2082	483
1294160400	877	1771	516
1294164000	781	1453	365
1294167600	765	1259	392
1294171200	739	1311	350
1294174800	717	1320	308
1294178400	678	1250	367
1294182000	703	1243	378
1294185600	800	1272	508
1294189200	1065	1773	761
1294192800	1181	2017	705
1294196400	1132	1850	656
1294200000	1106	1883	574
1294203600	986	1762	467
1294207200	809	1423	399
1294210800	698	1285	348
1294214400	627	1288	336
1294218000	600	1271	326
1294221600	596	1302	332
1294225200	585	1258	308
1294228800	645	1499	404
1294232400	751	1645	472
1294236000	944	1832	663
1294239600	947	1736	597
1294243200	855	1821	516
1294246800	791	1648	476
1294250400	734	1301	403
1294254000	703	1221	399
1294257600	674	1037	417
1294261200	641	1009	334
1294264800	631	1022	334
1294268400	672	1084	419
1294272000	767	1272	491
1294275600	1005	1493	732
1294279200	1083	1632	666
1294282800	1063	1676	617
1294286400	1041	1642	569
1294290000	931	1565	479
1294293600	791	1389	402
1294297200	653	1153	335
1294300800	581	1105	311
1294304400	561	1214	280
1294308000	550	1182	269
1294311600	556	1158	299
1294315200	611	1337	323
1294318800	708	1488	451
1294322400	882	1667	554
1294326000	947	1935	591
1294329600	876	1749	531
1294333200	810	1479	490
1294336800	758	1440	476
1294340400	723	1271	455
1294344000	698	1181	470
1294347600	660	1015	452
1294351200	677	1071	452
1294354800	711	1246	463
1294358400	794	1421	563
1294362000	1019	1591	704
1294365600	1127	1855	776
1294369200	1079	1756	686
1294372800	1048	1737	636
1294376400	948	1530	618
1294380000	813	1344	493
1294383600	690	1155	410
1294387200	608	1063	355
1294390800	569	1062	336
1294394400	549	1070	319
1294398000	561	1109	370
1294401600	611	1264	398
1294405200	716	1342	481
1294408800	907	1562	635
1294412400	998	1945	635
1294416000	902	1893	544
1294419600	816	1655	426
1294423200	755	1422	367
1294426800	711	1274	389
1294430400	683	1165	368
1294434000	643	1127	320
1294437600	653	1168	319
1294441200	697	1187	404
1294444800	809	1360	534
1294448400	1052	1738	751
1294452000	1165	2026	805
1294455600	1151	1890	716
1294459200	1102	1956	634
1294462800	977	1697	590
1294466400	811	1479	421
1294470000	678	1222	317
1294473600	624	1240	294
1294477200	599	1318	275
1294480800	587	1297	287
1294484400	577	1202	293
1294488000	630	1337	352
1294491600	732	1563	444
1294495200	925	1957	578
1294498800	995	2235	590
1294502400	1002	2220	584
1294506000	903	1907	516
1294509600	835	1428	443
1294513200	805	1382	448
1294516800	764	1270	371
1294520400	744	1255	357
1294524000	769	1325	395
1294527600	753	1202	511
1294531200	851	1545	550
1294534800	1083	2056	734
1294538400	1139	2187	711
1294542000	1118	2139	643
1294545600	1101	2196	564
1294549200	1022	1931	495
1294552800	908	1787	527
1294556400	774	1569	386
1294560000	705	1527	319
1294563600	670	1493	347
1294567200	654	1451	367
1294570800	640	1535	353
1294574400	655	1602	382
1294578000	759	1806	457
1294581600	878	2144	510
1294585200	948	2312	537
1294588800	1041	2433	653
1294592400	1059	2167	681
1294596000	1001	1851	527
1294599600	939	1701	453
1294603200	913	1689	484
1294606800	858	1461	507
1294610400	810	1432	447
1294614000	820	1453	452
1294617600	895	1641	582
1294621200	1096	1935	751
1294624800	1200	2187	769
1294628400	1172	2121	744
1294632000	1130	2153	646
1294635600	1013	1888	539
1294639200	911	1731	417
1294642800	793	1562	365
1294646400	724	1538	343
1294650000	692	1588	319
1294653600	681	1641	330
1294657200	673	1596	360
1294660800	732	1802	441
1294664400	801	1982	494
1294668000	916	2145	530
1294671600	1010	2249	631
1294675200	1021	2191	638
1294678800	950	1820	632
1294682400	931	1646	556
1294686000	885	1597	457
1294689600	840	1441	435
1294693200	826	1345	458
1294696800	799	1261	496
1294700400	775	1258	460
1294704000	858	1461	561
1294707600	1126	1985	709
1294711200	1242	2297	744
1294714800	1194	2241	656
1294718400	1183	2236	699
1294722000	1039	1911	549
1294725600	893	1689	472
1294729200	753	1503	428
1294732800	679	1473	358
1294736400	650	1412	369
1294740000	638	1431	368
1294743600	639	1467	396
1294747200	691	1627	412
1294750800	801	1767	479
1294754400	967	2284	591
1294758000	984	2222	612
1294761600	945	2106	577
1294765200	936	1743	573
1294768800	866	1503	522
1294772400	823	1395	529
1294776000	801	1410	469
1294779600	775	1358	435
1294783200	742	1276	377
1294786800	746	1197	437
1294790400	820	1308	549
1294794000	1086	1867	739
1294797600	1193	2059	802
1294801200	1207	2080	733
1294804800	1162	2195	641
1294808400	1051	2027	571
1294812000	896	1759	511
1294815600	769	1641	464
1294819200	718	1628	427
1294822800	693	1626	433
1294826400	674	1653	411
1294830000	687	1684	407
1294833600	729	1842	434
1294837200	871	2057	499
1294840800	1039	2244	636
1294844400	1027	2062	631
1294848000	934	1927	561
1294851600	854	1482	519
1294855200	777	1305	481
1294858800	748	1262	482
1294862400	717	1264	459
1294866000	699	1188	460
1294869600	675	1058	394
1294873200	713	1316	463
1294876800	779	1357	504
1294880400	1050	2054	685
1294884000	1192	2267	840
1294887600	1196	2194	730
1294891200	1127	2081	697
1294894800	1071	2056	696
1294898400	888	1627	544
1294902000	750	1482	464
1294905600	685	1454	451
1294909200	659	1525	408
1294912800	648	1454	394
1294916400	650	1490	397
1294920000	706	1628	416
1294923600	844	2024	500
1294927200	1044	2247	688
1294930800	1075	2386	671
1294934400	933	2057	563
1294938000	848	1587	506
1294941600	785	1459	430
1294945200	756	1299	368
1294948800	754	1413	423
1294952400	733	1323	408
1294956000	706	1111	461
1294959600	742	1314	473
1294963200	840	1500	566
1294966800	1098	1905	756
1294970400	1203	2131	837
1294974000	1188	2235	767
1294977600	1094	2070	638
1294981200	991	1808	566
1294984800	876	1682	503
1294988400	750	1570	405
1294992000	696	1584	377
1294995600	667	1603	329
1294999200	659	1562	322
1295002800	685	1683	342
1295006400	726	1680	420
1295010000	855	1888	512
1295013600	1056	2282	673
1295017200	1049	2288	628
1295020800	945	2103	543
1295024400	862	1670	477
1295028000	819	1551	415
1295031600	757	1308	395
1295035200	739	1337	367
1295038800	693	1188	332
1295042400	679	1207	369
1295046000	693	1133	424
1295049600	794	1420	519
1295053200	1034	1850	695
1295056800	1157	2183	767
1295060400	1149	2028	748
1295064000	1119	1942	657
1295067600	1039	1980	649
1295071200	894	1789	435
1295074800	745	1431	356
1295078400	682	1396	323
1295082000	656	1429	313
1295085600	632	1341	281
1295089200	639	1410	292
1295092800	677	1439	363
1295096400	809	1910	480
1295100000	981	2046	645
1295103600	1004	2111	639
1295107200	967	2184	606
1295110800	902	1637	566
1295114400	846	1470	492
1295118000	807	1516	430
1295121600	802	1545	426
1295125200	778	1363	458
1295128800	777	1434	465
1295132400	790	1454	506
1295136000	859	1592	552
1295139600	1076	2030	687
1295143200	1189	2212	777
1295146800	1167	2349	761
1295150400	1110	2202	680
1295154000	1045	1967	615
1295157600	908	1770	477
1295161200	777	1563	368
1295164800	698	1504	333
1295168400	672	1522	343
1295172000	662	1465	373
1295175600	648	1455	341
1295179200	661	1615	349
1295182800	730	1763	452
1295186400	903	2201	514
1295190000	989	2304	554
1295193600	1063	2228	642
1295197200	987	1840	565
1295200800	887	1465	463
1295204400	860	1312	463
1295208000	846	1357	450
1295211600	814	1240	445
1295215200	796	1333	424
1295218800	818	1497	415
1295222400	827	1543	463
1295226000	1028	1800	671
1295229600	1153	2120	776
1295233200	1117	2164	673
1295236800	1050	2068	589
1295240400	955	1818	517
1295244000	843	1562	451
1295247600	715	1391	340
1295251200	632	1279	329
1295254800	625	1309	325
1295258400	610	1313	326
1295262000	613	1367	362
1295265600	629	1458	364
1295269200	715	1660	452
1295272800	836	2098	481
1295276400	954	2405	502
1295280000	978	2114	530
1295283600	999	1923	612
1295287200	920	1527	522
1295290800	874	1454	490
1295294400	834	1381	394
1295298000	817	1394	422
1295301600	785	1193	413
1295305200	818	1251	481
1295308800	868	1346	553
1295312400	1091	1774	659
1295316000	1194	2120	637
1295319600	1162	2062	624
1295323200	1091	1927	562
1295326800	974	1769	478
1295330400	802	1478	368
1295334000	673	1277	292
1295337600	693	1461	334
1295341200	669	1444	347
1295344800	652	1404	367
1295348400	660	1450	365
1295352000	698	1576	377
1295355600	797	1774	484
1295359200	937	2121	591
1295362800	988	2138	612
1295366400	977	1992	616
1295370000	990	1865	585
1295373600	957	1745	587
1295377200	918	1662	536
1295380800	891	1546	504
1295384400	889	1614	484
1295388000	844	1484	446
1295391600	838	1412	481
1295395200	917	1576	580
1295398800	1144	2057	747
1295402400	1250	2289	798
1295406000	1232	2124	816
1295409600	1181	2151	773
1295413200	1058	1873	636
1295416800	884	1678	515
1295420400	745	1516	449
1295424000	604	1136	334
1295427600	588	1187	316
1295431200	576	1164	333
1295434800	572	1174	321
1295438400	628	1352	332
1295442000	740	1507	438
1295445600	898	1612	596
1295449200	930	1873	586
1295452800	857	1737	523
1295456400	800	1424	463
1295460000	743	1237	409
1295463600	702	1127	376
1295467200	706	1110	410
1295470800	678	1057	374
1295474400	686	1040	449
1295478000	677	958	412
1295481600	765	1168	479
1295485200	946	1442	638
1295488800	1084	1677	694
1295492400	1083	1626	683
1295496000	1041	1604	536
1295499600	965	1618	570
1295503200	790	1406	417
1295506800	669	1206	349
1295510400	599	1144	290
1295514000	567	1072	310
1295517600	562	1039	301
1295521200	561	1122	327
1295524800	612	1252	332
1295528400	745	1543	473
1295532000	923	1656	631
1295535600	952	1782	619
1295539200	845	1640	509
1295542800	764	1335	403
1295546400	719	1134	392
1295550000	706	1149	363
1295553600	694	1051	375
1295557200	685	1101	383
1295560800	677	1112	412
1295564400	676	1066	449
1295568000	773	1089	552
1295571600	990	1485	744
1295575200	1118	1945	681
1295578800	1081	1776	666
1295582400	1031	1686	656
1295586000	917	1435	583
1295589600	770	1279	421
1295593200	641	1109	346
1295596800	567	1059	306
1295600400	525	1019	280
1295604000	537	1040	296
1295607600	548	1154	308
1295611200	583	1241	311
1295614800	703	1379	475
1295618400	874	1624	569
1295622000	913	1636	588
1295625600	839	1540	519
1295629200	801	1489	484
1295632800	775	1392	436
1295636400	759	1277	405
1295640000	724	1205	355
1295643600	686	1066	367
1295647200	692	1127	426
1295650800	737	1166	461
1295654400	784	1368	501
1295658000	992	1583	690
1295661600	1080	1632	710
1295665200	1078	1723	659
1295668800	1028	1653	674
1295672400	955	1668	586
1295676000	794	1396	443
1295679600	667	1136	327
1295683200	582	1074	317
1295686800	559	1064	288
1295690400	542	1061	269
1295694000	540	1051	306
1295697600	583	1187	338
1295701200	689	1401	429
1295704800	834	1632	556
1295708400	927	1896	562
1295712000	885	1862	527
1295715600	837	1551	524
1295719200	775	1341	366
1295722800	714	1244	398
1295726400	683	1103	345
1295730000	677	1109	366
1295733600	661	1091	318
1295737200	681	1178	331
1295740800	736	1321	464
1295744400	961	1698	573
1295748000	1066	1986	672
1295751600	1016	1810	526
1295755200	1014	1849	529
1295758800	958	1830	513
1295762400	832	1509	389
1295766000	704	1247	301
1295769600	627	1182	326
1295773200	600	1253	276
1295776800	575	1135	291
1295780400	570	1166	271
1295784000	589	1244	334
1295787600	662	1379	438
1295791200	787	1610	500
1295794800	903	1878	530
1295798400	972	1962	581
1295802000	922	1575	618
1295805600	898	1602	494
1295809200	844	1398	375
1295812800	804	1331	449
1295816400	777	1260	376
1295820000	783	1296	406
1295823600	792	1307	499
1295827200	887	1461	536
1295830800	1070	1757	588
1295834400	1140	1961	623
1295838000	1158	2048	609
1295841600	1085	1953	485
1295845200	974	1692	436
1295848800	819	1422	327
1295852400	700	1246	311
1295856000	625	1185	320
1295859600	585	1131	292
1295863200	555	1064	261
1295866800	550	1098	279
1295870400	568	1162	283
1295874000	649	1504	367
1295877600	781	1686	461
1295881200	890	1934	503
1295884800	934	1932	548
1295888400	924	1720	545
1295892000	907	1570	574
1295895600	871	1551	454
1295899200	810	1310	442
1295902800	789	1353	401
1295906400	770	1382	328
1295910000	803	1397	388
1295913600	890	1439	464
1295917200	1126	2008	661
1295920800	1212	2176	639
1295924400	1205	2149	652
1295928000	1093	1805	536
1295931600	975	1571	426
1295935200	813	1267	383
1295938800	687	1182	310
1295942400	621	1094	261
1295946000	597	1223	249
1295949600	580	1143	266
1295953200	599	1216	287
1295956800	658	1434	327
1295960400	769	1618	436
1295964000	936	1835	604
1295967600	946	1733	597
1295971200	875	1667	499
1295974800	834	1412	457
1295978400	793	1303	438
1295982000	742	1195	393
1295985600	730	1112	326
1295989200	702	1076	276
1295992800	735	1255	381
1295996400	767	1216	474
1296000000	865	1349	556
1296003600	1121	1868	656
1296007200	1238	2215	744
1296010800	1211	2066	660
1296014400	1122	1837	509
1296018000	1006	1677	494
1296021600	837	1393	406
1296025200	718	1266	308
1296028800	648	1209	287
1296032400	616	1262	253
1296036000	606	1270	270
1296039600	620	1329	326
1296043200	640	1390	332
1296046800	805	1786	378
1296050400	989	1904	635
1296054000	999	2002	624
1296057600	936	1767	490
1296061200	827	1393	442
1296064800	794	1124	447
1296068400	761	1147	409
1296072000	730	1078	419
1296075600	697	1079	329
1296079200	727	1088	467
1296082800	744	1186	422
1296086400	837	1347	506
1296090000	1048	1654	682
1296093600	1172	1973	696
1296097200	1173	2067	641
1296100800	1124	1899	578
1296104400	1015	1627	471
1296108000	884	1649	391
1296111600	728	1445	271
1296115200	655	1410	257
1296118800	629	1388	267
1296122400	601	1300	261
1296126000	603	1337	269
1296129600	661	1464	353
1296133200	790	1702	426
1296136800	977	1863	696
1296140400	991	1994	614
1296144000	884	1658	493
1296147600	849	1424	440
1296151200	799	1375	461
1296154800	762	1187	458
1296158400	726	1138	422
1296162000	709	1186	308
1296165600	712	1091	309
1296169200	718	1162	359
1296172800	790	1282	493
1296176400	1004	1621	647
1296180000	1180	1841	711
1296183600	1145	1798	629
1296187200	1089	1811	560
1296190800	968	1571	546
1296194400	830	1355	476
1296198000	687	1166	369
1296201600	638	1173	327
1296205200	590	1173	294
1296208800	575	1168	312
1296212400	567	1185	303
1296216000	633	1455	383
1296219600	739	1573	459
1296223200	934	1785	643
1296226800	980	1900	589
1296230400	841	1625	416
1296234000	796	1412	390
1296237600	747	1217	325
1296241200	749	1200	356
1296244800	713	1087	415
1296248400	684	1034	376
1296252000	673	1074	417
1296255600	685	1161	401
1296259200	791	1379	516
1296262800	1006	1702	698
1296266400	1150	1995	754
1296270000	1128	2112	693
1296273600	1102	2118	696
1296277200	988	1968	531
1296280800	816	1573	410
1296284400	708	1390	417
1296288000	644	1399	360
1296291600	603	1366	345
1296295200	593	1305	319
1296298800	603	1352	360
1296302400	654	1522	387
1296306000	793	1793	464
1296309600	958	2014	585
1296313200	1027	2153	628
1296316800	956	2109	606
1296320400	874	1645	537
1296324000	787	1360	385
1296327600	741	1342	314
1296331200	704	1220	329
1296334800	674	1156	332
1296338400	657	1126	342
1296342000	690	1079	463
1296345600	755	1242	515
1296349200	960	1477	647
1296352800	1112	1898	742
1296356400	1096	1924	673
1296360000	1048	1895	696
1296363600	976	1897	518
1296367200	872	1661	429
1296370800	747	1476	376
1296374400	657	1316	359
1296378000	610	1218	336
1296381600	613	1283	372
1296385200	606	1276	358
1296388800	638	1433	396
1296392400	718	1593	435
1296396000	853	1936	511
1296399600	960	1938	557
1296403200	1025	2044	608
1296406800	962	1670	603
1296410400	896	1496	556
1296414000	831	1342	485
1296417600	828	1287	511
1296421200	797	1255	498
1296424800	776	1195	535
1296428400	796	1301	463
1296432000	832	1356	511
1296435600	1000	1630	664
1296439200	1132	2006	770
1296442800	1150	2093	792
1296446400	1095	2186	682
1296450000	969	1863	554
1296453600	855	1626	475
1296457200	729	1451	406
1296460800	659	1447	325
1296464400	608	1405	324
1296468000	596	1277	359
1296471600	600	1365	358
1296475200	607	1373	347
1296478800	720	1701	457
1296482400	881	2042	549
1296486000	1002	2303	562
1296489600	980	1930	624
1296493200	922	1515	517
1296496800	899	1478	541
1296500400	885	1359	463
1296504000	856	1297	496
1296507600	801	1192	383
1296511200	789	1162	402
1296514800	771	1098	435
1296518400	806	1221	471
1296522000	964	1459	659
1296525600	1112	1714	759
1296529200	1114	1751	662
1296532800	1062	1633	624
1296536400	961	1493	485
1296540000	805	1375	406
1296543600	691	1209	353
1296547200	602	1199	284
1296550800	571	1165	300
1296554400	554	1119	292
1296558000	558	1178	293
1296561600	605	1310	336
1296565200	728	1586	456
1296568800	907	1807	630
1296572400	929	2009	608
1296576000	877	1851	534
1296579600	790	1433	482
1296583200	730	1281	407
1296586800	706	1166	402
1296590400	706	1185	408
1296594000	670	1039	395
1296597600	659	1075	424
1296601200	681	1179	366
1296604800	734	1187	505
1296608400	914	1471	580
1296612000	1068	1580	691
1296615600	1099	1645	641
1296619200	1061	1626	611
1296622800	913	1453	463
1296626400	777	1217	457
1296630000	632	1013	368
1296633600	567	1006	281
1296637200	544	989	289
1296640800	543	988	344
1296644400	568	1097	303
1296648000	603	1142	354
1296651600	755	1321	546
1296655200	929	1533	707
1296658800	916	1545	611
1296662400	846	1559	513
1296666000	736	1229	463
1296669600	684	1181	396
1296673200	643	1091	350
1296676800	640	1093	375
1296680400	627	1066	363
1296684000	620	1034	397
1296687600	650	1082	393
1296691200	705	1120	499
1296694800	890	1411	638
1296698400	1040	1545	672
1296702000	1051	1592	663
1296705600	1006	1498	633
1296709200	918	1430	660
1296712800	760	1295	427
1296716400	630	1080	358
1296720000	571	1098	307
1296723600	536	1015	280
1296727200	533	1028	313
1296730800	549	1016	332
1296734400	586	1119	379
1296738000	717	1421	478
1296741600	919	1493	666
1296745200	924	1553	627
1296748800	829	1383	532
1296752400	735	1216	472
1296756000	694	1034	472
1296759600	665	991	460
1296763200	664	1030	416
1296766800	654	1008	461
1296770400	632	968	410
1296774000	647	1046	426
1296777600	732	1269	480
1296781200	928	1535	691
1296784800	1065	1687	731
1296788400	1036	1533	672
1296792000	1023	1586	653
1296795600	920	1405	555
1296799200	780	1178	435
1296802800	647	1040	333
1296806400	586	1050	315
1296810000	553	996	279
1296813600	539	962	298
1296817200	555	1052	335
1296820800	591	1167	368
1296824400	714	1396	464
1296828000	907	1614	630
1296831600	938	1765	570
1296835200	813	1435	525
1296838800	766	1281	479
1296842400	712	1203	342
1296846000	664	1098	302
1296849600	670	1082	337
1296853200	646	1006	302
1296856800	649	1046	338
1296860400	664	1075	433
1296864000	718	1213	494
1296867600	893	1379	648
1296871200	1076	1688	790
1296874800	1040	1514	752
1296878400	988	1458	680
1296882000	902	1394	556
1296885600	774	1291	460
1296889200	667	1193	323
1296892800	590	1233	271
1296896400	537	1047	289
1296900000	535	1037	270
1296903600	537	1012	334
1296907200	586	1161	344
1296910800	696	1450	433
1296914400	853	1449	564
1296918000	907	1828	531
1296921600	850	1529	505
1296925200	827	1369	529
1296928800	774	1229	486
1296932400	742	1181	395
1296936000	755	1210	459
1296939600	718	1239	398
1296943200	710	1201	434
1296946800	710	1175	470
1296950400	751	1238	530
1296954000	923	1584	667
1296957600	1064	1782	733
1296961200	1036	1847	680
1296964800	1005	1760	587
1296968400	913	1541	572
1296972000	791	1339	471
1296975600	688	1235	365
1296979200	605	1128	328
1296982800	564	1141	332
1296986400	549	1069	373
1296990000	543	1087	352
1296993600	569	1165	369
1296997200	636	1250	412
1297000800	781	1617	451
1297004400	862	1721	501
1297008000	869	1580	541
1297011600	863	1472	577
1297015200	851	1522	475
1297018800	821	1523	382
1297022400	793	1318	426
1297026000	779	1274	419
1297029600	749	1369	412
1297033200	727	1257	407
1297036800	792	1345	554
1297040400	968	1634	655
1297044000	1060	1738	654
1297047600	1033	1739	644
1297051200	981	1630	609
1297054800	900	1475	558
1297058400	771	1322	445
1297062000	656	1105	398
1297065600	568	946	361
1297069200	526	890	328
1297072800	503	885	290
1297076400	516	961	335
1297080000	542	1055	315
1297083600	642	1307	379
1297087200	742	1368	460
1297090800	874	1726	498
1297094400	924	1896	538
1297098000	905	1845	536
1297101600	883	1611	575
1297105200	849	1580	486
1297108800	842	1583	451
1297112400	880	1733	457
1297116000	837	1542	470
1297119600	839	1560	496
1297123200	854	1655	541
1297126800	1055	1967	620
1297130400	1178	1960	707
1297134000	1150	1912	803
1297137600	1082	1710	742
1297141200	989	1616	606
1297144800	823	1356	448
1297148400	682	1244	337
1297152000	614	1162	305
1297155600	576	1151	308
1297159200	569	1177	291
1297162800	577	1133	350
1297166400	629	1304	391
1297170000	788	1747	476
1297173600	921	1828	645
1297177200	939	1786	611
1297180800	869	1775	508
1297184400	776	1281	462
1297188000	772	1259	470
1297191600	725	1179	422
1297195200	714	1188	430
1297198800	709	1244	460
1297202400	698	1276	447
1297206000	691	1148	440
1297209600	739	1230	511
1297213200	936	1593	647
1297216800	1121	1861	739
1297220400	1110	1896	742
1297224000	1074	1832	651
1297227600	966	1699	626
1297231200	831	1572	455
1297234800	678	1329	315
1297238400	593	1266	274
1297242000	569	1222	291
1297245600	564	1195	304
1297249200	569	1213	277
1297252800	625	1411	336
1297256400	758	1638	488
1297260000	941	1893	615
1297263600	951	1798	584
1297267200	853	1712	507
1297270800	774	1494	462
1297274400	740	1385	424
1297278000	690	1112	368
1297281600	675	1059	370
1297285200	667	1299	329
1297288800	655	1264	345
1297292400	661	1183	386
1297296000	725	1251	500
1297299600	897	1517	647
1297303200	1093	1900	786
1297306800	1119	1966	740
1297310400	1055	1825	697
1297314000	939	1662	551
1297317600	802	1345	454
1297321200	649	1218	335
1297324800	580	1122	291
1297328400	545	1096	290
1297332000	518	1034	261
1297335600	537	1073	306
1297339200	563	1154	293
1297342800	735	1650	456
1297346400	887	1708	584
1297350000	922	1804	557
1297353600	836	1559	490
1297357200	722	1242	449
1297360800	713	1203	443
1297364400	657	1047	419
1297368000	650	1133	377
1297371600	636	1122	403
1297375200	648	994	439
1297378800	685	1187	491
1297382400	722	1266	511
1297386000	883	1497	625
1297389600	1047	1810	667
1297393200	1034	1641	726
1297396800	1025	1583	663
1297400400	969	1634	602
1297404000	804	1334	433
1297407600	674	1212	397
1297411200	604	1171	317
1297414800	568	1138	289
1297418400	558	1105	329
1297422000	566	1145	339
1297425600	630	1283	390
1297429200	763	1579	444
1297432800	971	1809	619
1297436400	959	1712	603
1297440000	888	1697	538
1297443600	826	1627	508
1297447200	778	1310	478
1297450800	767	1234	497
1297454400	757	1273	484
1297458000	716	1209	443
1297461600	727	1212	452
1297465200	798	1325	512
1297468800	881	1645	599
1297472400	1051	1844	692
1297476000	1202	2047	817
1297479600	1175	1991	753
1297483200	1126	1941	683
1297486800	1020	1746	656
1297490400	872	1423	541
1297494000	737	1311	381
1297497600	656	1205	361
1297501200	607	1144	320
1297504800	603	1143	381
1297508400	603	1167	389
1297512000	639	1217	383
1297515600	750	1462	467
1297519200	906	1595	599
1297522800	994	1897	643
1297526400	959	1713	656
1297530000	903	1617	553
1297533600	845	1501	391
1297537200	779	1412	368
1297540800	745	1332	384
1297544400	717	1172	354
1297548000	705	1175	376
1297551600	721	1262	447
1297555200	785	1459	559
1297558800	928	1784	646
1297562400	1075	1971	691
1297566000	1057	1930	688
1297569600	1021	1782	642
1297573200	937	1722	562
1297576800	829	1500	491
1297580400	746	1376	437
1297584000	660	1319	334
1297587600	623	1283	345
1297591200	596	1245	324
1297594800	587	1234	340
1297598400	623	1365	375
1297602000	698	1420	475
1297605600	864	1825	528
1297609200	953	2084	562
1297612800	963	1812	615
1297616400	938	1588	642
1297620000	864	1397	611
1297623600	826	1267	566
1297627200	809	1363	502
1297630800	783	1311	522
1297634400	778	1214	543
1297638000	788	1283	530
1297641600	809	1284	564
1297645200	957	1568	697
1297648800	1095	1833	745
1297652400	1066	1887	737
1297656000	1050	1750	662
1297659600	936	1512	581
1297663200	797	1253	452
1297666800	669	1071	383
1297670400	588	963	333
1297674000	550	978	324
1297677600	550	1106	344
1297681200	553	1124	366
1297684800	589	1220	388
1297688400	643	1377	404
1297692000	804	1753	472
1297695600	920	1822	508
1297699200	957	1989	542
1297702800	913	1669	588
1297706400	872	1520	579
1297710000	851	1427	584
1297713600	824	1350	566
1297717200	811	1363	551
1297720800	788	1346	500
1297724400	802	1326	578
1297728000	857	1473	601
1297731600	968	1571	707
1297735200	1113	1805	784
1297738800	1098	1680	745
1297742400	1054	1585	712
1297746000	915	1403	553
1297749600	785	1239	423
1297753200	662	1075	363
1297756800	594	1038	300
1297760400	565	1011	345
1297764000	548	1026	321
1297767600	549	1087	314
1297771200	577	1105	354
1297774800	716	1487	426
1297778400	861	1686	562
1297782000	915	1795	560
1297785600	903	1524	570
1297789200	903	1474	515
1297792800	839	1434	403
1297796400	833	1360	380
1297800000	801	1252	426
1297803600	768	1197	390
1297807200	755	1221	390
1297810800	755	1168	437
1297814400	814	1180	591
1297818000	1003	1540	725
1297821600	1150	1662	796
1297825200	1107	1684	698
1297828800	1060	1656	687
1297832400	963	1344	629
1297836000	816	1259	517
1297839600	659	1057	356
1297843200	580	1074	321
1297846800	547	1030	342
1297850400	553	1107	326
1297854000	554	1080	353
1297857600	603	1198	390
1297861200	729	1444	456
1297864800	923	1610	634
1297868400	923	1523	621
1297872000	850	1456	530
1297875600	768	1144	489
1297879200	747	1172	512
1297882800	682	985	390
1297886400	644	922	342
1297890000	609	936	289
1297893600	612	967	298
1297897200	625	911	389
1297900800	692	1020	444
1297904400	886	1281	671
1297908000	1075	1671	785
1297911600	1063	1644	745
1297915200	1039	1640	699
1297918800	928	1483	599
1297922400	809	1412	487
1297926000	666	1272	349
1297929600	587	1187	282
1297933200	558	1159	311
1297936800	547	1147	306
1297940400	557	1186	329
1297944000	614	1352	366
1297947600	751	1582	417
1297951200	923	1663	598
1297954800	914	1561	601
1297958400	860	1537	531
1297962000	778	1357	492
1297965600	728	1165	462
1297969200	697	1129	454
1297972800	687	1125	425
1297976400	642	1015	365
1297980000	632	999	412
1297983600	657	1026	450
1297987200	701	1030	491
1297990800	914	1448	637
1297994400	1106	1995	721
1297998000	1082	2067	720
1298001600	1056	1909	725
1298005200	953	1712	672
1298008800	800	1489	502
1298012400	652	1214	328
1298016000	587	1171	315
1298019600	560	1207	322
1298023200	554	1194	332
1298026800	556	1248	318
1298030400	596	1343	370
1298034000	762	1762	452
1298037600	945	1864	625
1298041200	940	1777	585
1298044800	845	1708	496
1298048400	784	1427	460
1298052000	741	1243	443
1298055600	719	1160	459
1298059200	678	1084	443
1298062800	667	1175	419
1298066400	671	1168	434
1298070000	675	1136	454
1298073600	729	1237	492
1298077200	898	1507	596
1298080800	1061	1776	767
1298084400	1075	1849	778
1298088000	1010	1790	660
1298091600	919	1492	632
1298095200	814	1558	478
1298098800	668	1191	400
1298102400	585	1110	347
1298106000	559	1157	306
1298109600	551	1170	340
1298113200	549	1148	310
1298116800	610	1295	375
1298120400	722	1595	432
1298124000	865	1710	543
1298127600	929	1861	541
1298131200	912	1783	565
1298134800	864	1575	563
1298138400	823	1426	517
1298142000	782	1230	501
1298145600	764	1170	517
1298149200	743	1331	403
1298152800	718	1210	395
1298156400	720	1163	489
1298160000	772	1342	550
1298163600	912	1640	637
1298167200	1067	1856	747
1298170800	1046	1851	716
1298174400	1016	1812	690
1298178000	934	1684	579
1298181600	796	1301	469
1298185200	675	1106	446
1298188800	612	1133	407
1298192400	562	1093	303
1298196000	550	1040	353
1298199600	543	1071	342
1298203200	582	1157	358
1298206800	676	1607	381
1298210400	822	1737	467
1298214000	907	1776	484
1298217600	896	1595	562
1298221200	857	1396	585
1298224800	825	1294	573
1298228400	786	1227	506
1298232000	763	1164	526
1298235600	749	1210	531
1298239200	685	1082	434
1298242800	699	1121	445
1298246400	734	1174	549
1298250000	871	1503	574
1298253600	1026	1853	636
1298257200	1022	1756	718
1298260800	958	1668	651
1298264400	866	1498	562
1298268000	747	1214	454
1298271600	642	1162	327
1298275200	594	991	309
1298278800	562	947	338
1298282400	548	1037	360
1298286000	554	1080	374
1298289600	590	1143	401
1298293200	687	1393	416
1298296800	837	1801	514
1298300400	915	1972	532
1298304000	951	1857	562
1298307600	961	1724	587
1298311200	922	1495	560
1298314800	934	1453	489
1298318400	892	1417	512
1298322000	858	1295	440
1298325600	840	1295	464
1298329200	832	1248	525
1298332800	893	1407	658
1298336400	1062	1741	754
1298340000	1182	1761	819
1298343600	1140	1725	715
1298347200	1067	1560	648
1298350800	949	1378	598
1298354400	796	1224	451
1298358000	650	1024	335
1298361600	551	1024	283
1298365200	529	972	313
1298368800	506	945	260
1298372400	516	965	295
1298376000	562	1090	332
1298379600	683	1309	388
1298383200	861	1369	596
1298386800	874	1523	552
1298390400	761	1253	468
1298394000	724	1217	439
1298397600	707	1196	441
1298401200	677	1021	456
1298404800	666	1028	403
1298408400	650	1019	342
1298412000	628	972	350
1298415600	645	986	399
1298419200	699	1022	486
1298422800	840	1202	585
1298426400	1037	1509	695
1298430000	1077	1660	644
1298433600	1007	1450	633
1298437200	898	1282	553
1298440800	767	1183	490
1298444400	616	1020	355
1298448000	550	965	352
1298451600	521	1009	319
1298455200	503	983	303
1298458800	510	1047	279
1298462400	545	1075	346
1298466000	665	1282	407
1298469600	827	1445	567
1298473200	855	1462	547
1298476800	770	1225	488
1298480400	740	1129	457
1298484000	697	1152	425
1298487600	699	1115	434
1298491200	679	1028	415
1298494800	648	1045	346
1298498400	626	991	334
1298502000	661	1025	440
1298505600	698	1103	474
1298509200	857	1355	572
1298512800	1036	1563	617
1298516400	1035	1629	641
1298520000	1009	1441	678
1298523600	900	1305	572
1298527200	777	1173	477
1298530800	632	1038	332
1298534400	572	1018	367
1298538000	541	1026	344
1298541600	537	1044	341
1298545200	550	1050	364
1298548800	581	1146	346
1298552400	716	1389	431
1298556000	871	1508	591
1298559600	868	1472	522
1298563200	787	1303	464
1298566800	719	1282	430
1298570400	697	1208	424
1298574000	671	1187	382
1298577600	672	1179	403
1298581200	650	1098	417
1298584800	650	1074	424
1298588400	636	1063	428
1298592000	674	1165	467
1298595600	848	1407	601
1298599200	1021	1685	684
1298602800	1028	1628	661
1298606400	985	1541	610
1298610000	906	1354	599
1298613600	759	1162	433
1298617200	615	1084	343
1298620800	552	1088	312
1298624400	539	1100	314
1298628000	530	1067	321
1298631600	531	1141	328
1298635200	576	1250	354
1298638800	699	1480	419
1298642400	879	1701	563
1298646000	861	1515	532
1298649600	778	1434	493
1298653200	720	1215	494
1298656800	716	1285	395
1298660400	666	1102	361
1298664000	625	1024	333
1298667600	595	982	284
1298671200	603	1069	334
1298674800	614	1092	438
1298678400	662	1108	452
1298682000	816	1313	527
1298685600	1004	1684	613
1298689200	1021	1744	655
1298692800	973	1584	584
1298696400	867	1336	507
1298700000	741	1215	467
1298703600	632	1143	402
1298707200	568	1109	375
1298710800	532	1039	303
1298714400	509	978	334
1298718000	518	989	343
1298721600	556	1087	353
1298725200	673	1432	389
1298728800	841	1677	541
1298732400	844	1646	541
1298736000	785	1503	490
1298739600	756	1411	498
1298743200	709	1297	374
1298746800	701	1159	417
1298750400	673	1043	405
1298754000	625	954	370
1298757600	641	1033	394
1298761200	639	954	412
1298764800	686	1179	480
1298768400	794	1169	594
1298772000	994	1845	686
1298775600	992	1808	671
1298779200	950	1712	563
1298782800	870	1449	505
1298786400	751	1398	419
1298790000	628	1165	342
1298793600	569	1065	294
1298797200	533	1078	267
1298800800	520	1095	276
1298804400	509	1062	290
1298808000	539	1183	316
1298811600	606	1263	358
1298815200	748	1580	428
1298818800	862	1748	532
1298822400	853	1630	523
1298826000	816	1476	465
1298829600	790	1472	370
1298833200	787	1472	390
1298836800	776	1312	440
1298840400	751	1222	481
1298844000	755	1306	528
1298847600	732	1211	499
1298851200	733	1211	515
1298854800	844	1360	610
1298858400	1010	1627	730
1298862000	1016	1710	669
1298865600	960	1583	586
1298869200	859	1424	539
1298872800	739	1306	403
1298876400	603	1043	328
1298880000	539	1017	326
1298883600	507	1002	243
1298887200	494	1008	268
1298890800	489	994	289
1298894400	513	1093	320
1298898000	602	1455	355
1298901600	713	1595	410
1298905200	806	1605	452
1298908800	791	1460	462
1298912400	772	1371	483
1298916000	738	1260	493
1298919600	729	1236	458
1298923200	702	1253	434
1298926800	696	1188	407
1298930400	663	1155	408
1298934000	700	1141	514
1298937600	707	1114	530
1298941200	841	1353	580
1298944800	1011	1603	701
1298948400	1021	1473	703
1298952000	962	1408	592
1298955600	846	1247	452
1298959200	700	1107	356
1298962800	569	988	291
1298966400	506	964	248
1298970000	479	945	256
1298973600	473	958	253
1298977200	474	965	266
1298980800	505	1080	286
1298984400	615	1225	378
1298988000	761	1365	525
1298991600	778	1357	506
1298995200	724	1341	469
1298998800	664	1161	421
1299002400	651	1067	394
1299006000	649	1081	392
1299009600	642	1041	430
1299013200	622	1088	375
1299016800	594	1089	305
1299020400	603	975	390
1299024000	626	1024	401
1299027600	763	1204	522
1299031200	948	1439	605
1299034800	950	1356	650
1299038400	947	1380	699
1299042000	848	1276	547
1299045600	719	1065	468
1299049200	589	954	395
1299052800	507	879	285
1299056400	489	922	307
1299060000	472	882	291
1299063600	480	890	293
1299067200	518	1000	325
1299070800	649	1309	385
1299074400	798	1472	509
1299078000	811	1415	522
1299081600	708	1196	465
1299085200	671	1159	447
1299088800	614	971	353
1299092400	612	950	389
1299096000	632	1003	433
1299099600	610	1034	348
1299103200	587	945	396
1299106800	617	1002	418
1299110400	661	1106	471
1299114000	782	1170	593
1299117600	959	1426	686
1299121200	966	1426	720
1299124800	926	1360	623
1299128400	817	1147	519
1299132000	703	932	435
1299135600	574	889	299
1299139200	493	802	272
1299142800	473	857	284
1299146400	452	803	245
1299150000	459	859	286
1299153600	494	959	263
1299157200	596	1103	388
1299160800	754	1256	494
1299164400	763	1180	484
1299168000	689	1053	454
1299171600	655	1064	409
1299175200	621	991	366
1299178800	640	1073	417
1299182400	634	1116	406
1299186000	608	976	347
1299189600	607	1013	361
1299193200	607	958	369
1299196800	639	1057	429
1299200400	772	1125	537
1299204000	958	1310	630
1299207600	969	1426	724
1299211200	921	1315	637
1299214800	854	1249	609
1299218400	725	1135	500
1299222000	592	1074	381
1299225600	538	1047	325
1299229200	504	957	293
1299232800	503	1029	324
1299236400	501	1024	325
1299240000	552	1207	335
1299243600	684	1417	417
1299247200	818	1430	548
1299250800	831	1389	559
1299254400	739	1197	485
1299258000	701	1215	436
1299261600	659	1045	411
1299265200	635	974	342
1299268800	624	967	409
1299272400	640	1026	437
1299276000	627	1124	418
1299279600	627	1109	434
1299283200	655	1049	467
1299286800	791	1210	599
1299290400	978	1621	701
1299294000	992	1624	716
1299297600	960	1550	675
1299301200	849	1410	555
1299304800	730	1221	470
1299308400	615	1135	341
1299312000	548	1099	311
1299315600	512	1031	288
1299319200	502	1010	280
1299322800	502	1044	278
1299326400	529	1114	319
1299330000	631	1394	377
1299333600	779	1527	496
1299337200	798	1424	483
1299340800	756	1444	451
1299344400	703	1139	437
1299348000	683	1152	324
1299351600	671	1132	356
1299355200	645	1003	347
1299358800	613	1065	331
1299362400	605	1029	363
1299366000	631	1107	431
1299369600	671	1085	492
1299373200	755	1243	537
1299376800	930	1522	655
1299380400	931	1585	614
1299384000	891	1498	528
1299387600	812	1425	494
1299391200	721	1303	351
1299394800	615	1147	301
1299398400	554	1135	288
1299402000	518	1059	311
1299405600	485	1011	274
1299409200	488	1031	258
1299412800	513	1123	317
1299416400	587	1176	361
1299420000	706	1393	411
1299423600	788	1470	457
1299427200	796	1400	529
1299430800	789	1253	577
1299434400	742	1171	408
1299438000	690	1045	463
1299441600	685	1037	433
1299445200	691	1112	493
1299448800	664	1138	451
1299452400	692	1145	431
1299456000	719	1212	503
1299459600	803	1293	532
1299463200	989	1645	671
1299466800	968	1594	532
1299470400	906	1392	563
1299474000	792	1167	449
1299477600	689	1057	420
1299481200	567	951	295
1299484800	521	1007	275
1299488400	485	955	280
1299492000	482	941	293
1299495600	476	952	267
1299499200	528	1039	330
1299502800	596	1132	389
1299506400	699	1252	458
1299510000	785	1424	510
1299513600	782	1408	498
1299517200	758	1326	521
1299520800	730	1148	473

